col_1,_detail_text,_detail_href,_detail_onclick,_detail_url,_row_index,_query,col_2,col_3,col_4
Összesen 100 db találat,,,,,1,a,,,
,,,,,2,a,,,
Név,,,,,3,a,Nyilvántartás típusa,Nyilvántartási szám,
HORVÁTHNÉ DR. ANTAL MAGDOLNA,Adatlap megtekintése,#,adatlap(36709),https://kereso.enkk.hu/index.php#,4,a,orvos/fogorvos,36982,Adatlap megtekintése
Apreala Ebimoboere Solomon,Adatlap megtekintése,#,adatlap(370154),https://kereso.enkk.hu/index.php#,5,a,orvos/fogorvos,80891,Adatlap megtekintése
PÁZMÁNYNÉ DR. ARDAY CSILLA ÁGNES,Adatlap megtekintése,#,adatlap(45281),https://kereso.enkk.hu/index.php#,6,a,orvos/fogorvos,45580,Adatlap megtekintése
NAGYNÉ DR. BAGDI ÉVA,Adatlap megtekintése,#,adatlap(48076),https://kereso.enkk.hu/index.php#,7,a,orvos/fogorvos,48383,Adatlap megtekintése
OLÁHNÉ DR. BODNÁR MÁRIA,Adatlap megtekintése,#,adatlap(43961),https://kereso.enkk.hu/index.php#,8,a,orvos/fogorvos,44258,Adatlap megtekintése
ZÖLDINÉ DR. CSONKA LILLA,Adatlap megtekintése,#,adatlap(84877),https://kereso.enkk.hu/index.php#,9,a,orvos/fogorvos,70622,Adatlap megtekintése
ELEKES ILDIKÓ ANDREA,Adatlap megtekintése,#,adatlap(56932),https://kereso.enkk.hu/index.php#,10,a,orvos/fogorvos,57254,Adatlap megtekintése
SOLYMOSSYNÉ DR. FÖLDES KATALIN ERZSÉBET,Adatlap megtekintése,#,adatlap(36439),https://kereso.enkk.hu/index.php#,11,a,orvos/fogorvos,36707,Adatlap megtekintése
ZAGYI KÁROLYNÉ DR. GAZSÓ ANIKÓ,Adatlap megtekintése,#,adatlap(53008),https://kereso.enkk.hu/index.php#,12,a,orvos/fogorvos,53323,Adatlap megtekintése
SZÁNTÓ PÉTERNÉ,Adatlap megtekintése,#,adatlap(24814),https://kereso.enkk.hu/index.php#,13,a,orvos/fogorvos,25011,Adatlap megtekintése
FERDINANDYNÉ DR. HORVÁTH EMESE BEATRIX,Adatlap megtekintése,#,adatlap(39466),https://kereso.enkk.hu/index.php#,14,a,orvos/fogorvos,39750,Adatlap megtekintése
NAGYNÉ DR. KOVÁCS MELINDA,Adatlap megtekintése,#,adatlap(57484),https://kereso.enkk.hu/index.php#,15,a,orvos/fogorvos,57808,Adatlap megtekintése
GALLÉNÉ DR. POPRÓCSI ZSUZSÁNNA,Adatlap megtekintése,#,adatlap(32889),https://kereso.enkk.hu/index.php#,16,a,orvos/fogorvos,33140,Adatlap megtekintése
VÁMOSINÉ DR. PUSZTAI ILDIKÓ KATALIN,Adatlap megtekintése,#,adatlap(35903),https://kereso.enkk.hu/index.php#,17,a,orvos/fogorvos,36168,Adatlap megtekintése
Sakr Ahmed Osama Ahmed Ibrahim,Adatlap megtekintése,#,adatlap(461274),https://kereso.enkk.hu/index.php#,18,a,orvos/fogorvos,100950,Adatlap megtekintése
JANOVICSNÉ DR. STRUBA ANNA MÁRIA,Adatlap megtekintése,#,adatlap(33642),https://kereso.enkk.hu/index.php#,19,a,orvos/fogorvos,33896,Adatlap megtekintése
MÁNFAINÉ DR. SZABADOS IBOLYA,Adatlap megtekintése,#,adatlap(41540),https://kereso.enkk.hu/index.php#,20,a,orvos/fogorvos,41830,Adatlap megtekintése
HORVÁTH ZOLTÁNNÉ DR. SZABÓ ILONA KATALIN,Adatlap megtekintése,#,adatlap(30286),https://kereso.enkk.hu/index.php#,21,a,orvos/fogorvos,30519,Adatlap megtekintése
Åsta AREKLETT,Adatlap megtekintése,#,adatlap(82019),https://kereso.enkk.hu/index.php#,22,a,orvos/fogorvos,69594,Adatlap megtekintése
Ørlyng Fredrik,Adatlap megtekintése,#,adatlap(88436),https://kereso.enkk.hu/index.php#,23,a,orvos/fogorvos,73336,Adatlap megtekintése
Aabel Eivind Westrum,Adatlap megtekintése,#,adatlap(95335),https://kereso.enkk.hu/index.php#,24,a,orvos/fogorvos,78862,Adatlap megtekintése
BELBAGI AADIL MURTAZA,Adatlap megtekintése,#,adatlap(406432),https://kereso.enkk.hu/index.php#,25,a,orvos/fogorvos,87650,Adatlap megtekintése
AAGAARD Marius Schjaerven,Adatlap megtekintése,#,adatlap(386873),https://kereso.enkk.hu/index.php#,26,a,orvos/fogorvos,83602,Adatlap megtekintése
Aakerstedt Anna Christina Briseid,Adatlap megtekintése,#,adatlap(395928),https://kereso.enkk.hu/index.php#,27,a,orvos/fogorvos,85271,Adatlap megtekintése
Aaland Maria,Adatlap megtekintése,#,adatlap(91183),https://kereso.enkk.hu/index.php#,28,a,orvos/fogorvos,75588,Adatlap megtekintése
AALBORG CHRISTIAN,Adatlap megtekintése,#,adatlap(90599),https://kereso.enkk.hu/index.php#,29,a,orvos/fogorvos,75027,Adatlap megtekintése
AALBU TORA VINJE,Adatlap megtekintése,#,adatlap(437741),https://kereso.enkk.hu/index.php#,30,a,orvos/fogorvos,93840,Adatlap megtekintése
AALERUD TINE ANDREA,Adatlap megtekintése,#,adatlap(388226),https://kereso.enkk.hu/index.php#,31,a,orvos/fogorvos,84504,Adatlap megtekintése
AALESKJAER ALEXANDER BRAGVIN,Adatlap megtekintése,#,adatlap(417007),https://kereso.enkk.hu/index.php#,32,a,orvos/fogorvos,89643,Adatlap megtekintése
AALGAARD Caroline,Adatlap megtekintése,#,adatlap(368702),https://kereso.enkk.hu/index.php#,33,a,orvos/fogorvos,80456,Adatlap megtekintése
AANESEN Mads Christian,Adatlap megtekintése,#,adatlap(420764),https://kereso.enkk.hu/index.php#,34,a,orvos/fogorvos,90994,Adatlap megtekintése
AANESTAD EIVIND,Adatlap megtekintése,#,adatlap(89903),https://kereso.enkk.hu/index.php#,35,a,orvos/fogorvos,74397,Adatlap megtekintése
Aarbu Naomi Ostergren,Adatlap megtekintése,#,adatlap(95163),https://kereso.enkk.hu/index.php#,36,a,orvos/fogorvos,78691,Adatlap megtekintése
Aarflot Kjell Oyvin,Adatlap megtekintése,#,adatlap(65932),https://kereso.enkk.hu/index.php#,37,a,orvos/fogorvos,66268,Adatlap megtekintése
AARRESTAD PAULA,Adatlap megtekintése,#,adatlap(454364),https://kereso.enkk.hu/index.php#,38,a,orvos/fogorvos,98087,Adatlap megtekintése
ARSLAND MARTINE ALSTVEIT,Adatlap megtekintése,#,adatlap(92867),https://kereso.enkk.hu/index.php#,39,a,orvos/fogorvos,76822,Adatlap megtekintése
AAS KAROLINE,Adatlap megtekintése,#,adatlap(446653),https://kereso.enkk.hu/index.php#,40,a,orvos/fogorvos,96471,Adatlap megtekintése
AASE HANNE,Adatlap megtekintése,#,adatlap(446654),https://kereso.enkk.hu/index.php#,41,a,orvos/fogorvos,96472,Adatlap megtekintése
Aase Julie,Adatlap megtekintése,#,adatlap(456378),https://kereso.enkk.hu/index.php#,42,a,orvos/fogorvos,98972,Adatlap megtekintése
AASEN MICHAEL,Adatlap megtekintése,#,adatlap(369112),https://kereso.enkk.hu/index.php#,43,a,orvos/fogorvos,80720,Adatlap megtekintése
Aaser Silje Elisabeth,Adatlap megtekintése,#,adatlap(87623),https://kereso.enkk.hu/index.php#,44,a,orvos/fogorvos,72712,Adatlap megtekintése
Aasestrand Ronnie Even Slagnes,Adatlap megtekintése,#,adatlap(85936),https://kereso.enkk.hu/index.php#,45,a,orvos/fogorvos,71458,Adatlap megtekintése
Aasgaard Frode,Adatlap megtekintése,#,adatlap(61031),https://kereso.enkk.hu/index.php#,46,a,orvos/fogorvos,61362,Adatlap megtekintése
AASHEIM SEBASTIAN EKANGER,Adatlap megtekintése,#,adatlap(446891),https://kereso.enkk.hu/index.php#,47,a,orvos/fogorvos,96661,Adatlap megtekintése
Aass Lea Constance Humlevik,Adatlap megtekintése,#,adatlap(376624),https://kereso.enkk.hu/index.php#,48,a,orvos/fogorvos,81451,Adatlap megtekintése
ABA JÚLIA ANNA,Adatlap megtekintése,#,adatlap(92435),https://kereso.enkk.hu/index.php#,49,a,orvos/fogorvos,76391,Adatlap megtekintése
ABA-ZAID ALIN,Adatlap megtekintése,#,adatlap(465907),https://kereso.enkk.hu/index.php#,50,a,orvos/fogorvos,102103,Adatlap megtekintése
Ababay Sinan,Adatlap megtekintése,#,adatlap(92868),https://kereso.enkk.hu/index.php#,51,a,orvos/fogorvos,76823,Adatlap megtekintése
ABAD HAMZEH,Adatlap megtekintése,#,adatlap(89127),https://kereso.enkk.hu/index.php#,52,a,orvos/fogorvos,73989,Adatlap megtekintése
ABADA AHMED ALAN,Adatlap megtekintése,#,adatlap(395919),https://kereso.enkk.hu/index.php#,53,a,orvos/fogorvos,85262,Adatlap megtekintése
ABADIAN MITRA,Adatlap megtekintése,#,adatlap(89375),https://kereso.enkk.hu/index.php#,54,a,orvos/fogorvos,74121,Adatlap megtekintése
HAUZER-ABAFALVI LILLA,Adatlap megtekintése,#,adatlap(92299),https://kereso.enkk.hu/index.php#,55,a,orvos/fogorvos,76277,Adatlap megtekintése
ABAFALVI ZSUZSA ANDREA,Adatlap megtekintése,#,adatlap(56388),https://kereso.enkk.hu/index.php#,56,a,orvos/fogorvos,56705,Adatlap megtekintése
Abah Namtor Iergem,Adatlap megtekintése,#,adatlap(425883),https://kereso.enkk.hu/index.php#,57,a,orvos/fogorvos,91276,Adatlap megtekintése
ABAHÁZI JÁNOS ATTILA,Adatlap megtekintése,#,adatlap(25624),https://kereso.enkk.hu/index.php#,58,a,orvos/fogorvos,25824,Adatlap megtekintése
ABAI BRIGITTA,Adatlap megtekintése,#,adatlap(396624),https://kereso.enkk.hu/index.php#,59,a,orvos/fogorvos,85769,Adatlap megtekintése
ABASIUTE ABIGÉL IME,Adatlap megtekintése,#,adatlap(454674),https://kereso.enkk.hu/index.php#,60,a,orvos/fogorvos,98310,Adatlap megtekintése
ABASIUTE ANIEKAN GEORGE,Adatlap megtekintése,#,adatlap(49551),https://kereso.enkk.hu/index.php#,61,a,orvos/fogorvos,49863,Adatlap megtekintése
ABASSI Laila Zahra,Adatlap megtekintése,#,adatlap(377779),https://kereso.enkk.hu/index.php#,62,a,orvos/fogorvos,81936,Adatlap megtekintése
ABAVÁRI-TÓTH MARINA,Adatlap megtekintése,#,adatlap(51676),https://kereso.enkk.hu/index.php#,63,a,orvos/fogorvos,51990,Adatlap megtekintése
ABAY-NEMES ANNA,Adatlap megtekintése,#,adatlap(438876),https://kereso.enkk.hu/index.php#,64,a,orvos/fogorvos,94654,Adatlap megtekintése
Abayov Edith,Adatlap megtekintése,#,adatlap(63770),https://kereso.enkk.hu/index.php#,65,a,orvos/fogorvos,64105,Adatlap megtekintése
ABAZID SULIMAN AHMAD,Adatlap megtekintése,#,adatlap(362191),https://kereso.enkk.hu/index.php#,66,a,orvos/fogorvos,79456,Adatlap megtekintése
Abbas Fadi Samir,Adatlap megtekintése,#,adatlap(91993),https://kereso.enkk.hu/index.php#,67,a,orvos/fogorvos,76064,Adatlap megtekintése
ABBAS IHAB MARWAN,Adatlap megtekintése,#,adatlap(56596),https://kereso.enkk.hu/index.php#,68,a,orvos/fogorvos,56916,Adatlap megtekintése
ABBAS MAMODE ABDEL YUSUF,Adatlap megtekintése,#,adatlap(63399),https://kereso.enkk.hu/index.php#,69,a,orvos/fogorvos,63733,Adatlap megtekintése
Abbas Nawal,Adatlap megtekintése,#,adatlap(446546),https://kereso.enkk.hu/index.php#,70,a,orvos/fogorvos,96364,Adatlap megtekintése
ABBASI HAMIDREZA,Adatlap megtekintése,#,adatlap(87350),https://kereso.enkk.hu/index.php#,71,a,orvos/fogorvos,72579,Adatlap megtekintése
Abbasi Mohammad,Adatlap megtekintése,#,adatlap(377007),https://kereso.enkk.hu/index.php#,72,a,orvos/fogorvos,81718,Adatlap megtekintése
Abbasi Mojgan,Adatlap megtekintése,#,adatlap(377544),https://kereso.enkk.hu/index.php#,73,a,orvos/fogorvos,81811,Adatlap megtekintése
Abbasi Vahid,Adatlap megtekintése,#,adatlap(389696),https://kereso.enkk.hu/index.php#,74,a,orvos/fogorvos,84641,Adatlap megtekintése
Abbaszadeh Hojedki Amirhossein,Adatlap megtekintése,#,adatlap(463882),https://kereso.enkk.hu/index.php#,75,a,orvos/fogorvos,101304,Adatlap megtekintése
ABBOUD ALI,Adatlap megtekintése,#,adatlap(36757),https://kereso.enkk.hu/index.php#,76,a,orvos/fogorvos,37030,Adatlap megtekintése
Abboud Mahmoud,Adatlap megtekintése,#,adatlap(438970),https://kereso.enkk.hu/index.php#,77,a,orvos/fogorvos,94748,Adatlap megtekintése
Abboud Mahran,Adatlap megtekintése,#,adatlap(91807),https://kereso.enkk.hu/index.php#,78,a,orvos/fogorvos,75982,Adatlap megtekintése
ABD AL SHAKOUR Ethar,Adatlap megtekintése,#,adatlap(397606),https://kereso.enkk.hu/index.php#,79,a,orvos/fogorvos,86107,Adatlap megtekintése
ABD ELHADI Nariman,Adatlap megtekintése,#,adatlap(446655),https://kereso.enkk.hu/index.php#,80,a,orvos/fogorvos,96473,Adatlap megtekintése
Abdal-Hadi Ali Mohammed Khalid,Adatlap megtekintése,#,adatlap(461256),https://kereso.enkk.hu/index.php#,81,a,orvos/fogorvos,100932,Adatlap megtekintése
Abdal-Hadi Omar Mohammed Khalid,Adatlap megtekintése,#,adatlap(455214),https://kereso.enkk.hu/index.php#,82,a,orvos/fogorvos,98578,Adatlap megtekintése
Abdali Rosita Negin,Adatlap megtekintése,#,adatlap(446894),https://kereso.enkk.hu/index.php#,83,a,orvos/fogorvos,96664,Adatlap megtekintése
Abdalla Mahmoud Hazem Mahmoud,Adatlap megtekintése,#,adatlap(431128),https://kereso.enkk.hu/index.php#,84,a,orvos/fogorvos,92898,Adatlap megtekintése
Abdalla Mourad Fawzy Youssef Guirguis,Adatlap megtekintése,#,adatlap(454586),https://kereso.enkk.hu/index.php#,85,a,orvos/fogorvos,98264,Adatlap megtekintése
Abdalla Roshdi Fadol,Adatlap megtekintése,#,adatlap(48900),https://kereso.enkk.hu/index.php#,86,a,orvos/fogorvos,49211,Adatlap megtekintése
Abdalla Salim Mahmoud,Adatlap megtekintése,#,adatlap(56666),https://kereso.enkk.hu/index.php#,87,a,orvos/fogorvos,56986,Adatlap megtekintése
ABDALLA SHADAD ABDALLA IZZELDIN,Adatlap megtekintése,#,adatlap(44617),https://kereso.enkk.hu/index.php#,88,a,orvos/fogorvos,44914,Adatlap megtekintése
ZSUZSICS VERONIKA,Adatlap megtekintése,#,adatlap(62347),https://kereso.enkk.hu/index.php#,89,a,orvos/fogorvos,62681,Adatlap megtekintése
Abdallah Ahmed Ayman Mohammed Aly,Adatlap megtekintése,#,adatlap(444436),https://kereso.enkk.hu/index.php#,90,a,orvos/fogorvos,95597,Adatlap megtekintése
Abdallah Nadhem,Adatlap megtekintése,#,adatlap(440499),https://kereso.enkk.hu/index.php#,91,a,orvos/fogorvos,95099,Adatlap megtekintése
ABDALLAH NAZIH,Adatlap megtekintése,#,adatlap(56419),https://kereso.enkk.hu/index.php#,92,a,orvos/fogorvos,56736,Adatlap megtekintése
Abdalmalak Meret Raafat Fathalla,Adatlap megtekintése,#,adatlap(447727),https://kereso.enkk.hu/index.php#,93,a,orvos/fogorvos,97066,Adatlap megtekintése
Abdel Nour Sereen Daoud Saleem,Adatlap megtekintése,#,adatlap(452442),https://kereso.enkk.hu/index.php#,94,a,orvos/fogorvos,97707,Adatlap megtekintése
Abdelghany Ahmed Elhamy Abdelmoneim,Adatlap megtekintése,#,adatlap(449067),https://kereso.enkk.hu/index.php#,95,a,orvos/fogorvos,97236,Adatlap megtekintése
Abdellatif Fatima Salaheldin Omer,Adatlap megtekintése,#,adatlap(447383),https://kereso.enkk.hu/index.php#,96,a,orvos/fogorvos,96915,Adatlap megtekintése
Abdelmeguid Israa Ramadan Abdelhakim,Adatlap megtekintése,#,adatlap(467450),https://kereso.enkk.hu/index.php#,97,a,orvos/fogorvos,102749,Adatlap megtekintése
Abdelrady Marawan Abdelfattah,Adatlap megtekintése,#,adatlap(409832),https://kereso.enkk.hu/index.php#,98,a,orvos/fogorvos,88863,Adatlap megtekintése
Abdelrady Salma Abdelfattah Elsayed Hassan,Adatlap megtekintése,#,adatlap(449068),https://kereso.enkk.hu/index.php#,99,a,orvos/fogorvos,97237,Adatlap megtekintése
Abdelrahman Renad-Heyam Mohamed,Adatlap megtekintése,#,adatlap(437742),https://kereso.enkk.hu/index.php#,100,a,orvos/fogorvos,93841,Adatlap megtekintése
Abdelwahab Aya Gamal Hassan,Adatlap megtekintése,#,adatlap(468587),https://kereso.enkk.hu/index.php#,101,a,orvos/fogorvos,102780,Adatlap megtekintése
Abdelwahab Mai Gamal Hassan,Adatlap megtekintése,#,adatlap(455215),https://kereso.enkk.hu/index.php#,102,a,orvos/fogorvos,98579,Adatlap megtekintése
Abdi Zahra,Adatlap megtekintése,#,adatlap(463885),https://kereso.enkk.hu/index.php#,103,a,orvos/fogorvos,101307,Adatlap megtekintése
